조미료,종합조미료,천연/발효조미료
조미료,종합조미료,식초
조미료,종합조미료,천일염
조미료,종합조미료,가공염
조미료,종합조미료,설탕
조미료,종합조미료,요리주
조미료,종합조미료,물엿
조미료,종합조미료,육수
조미료,종합조미료,요리용양념장
조미료,종합조미료,시럽류
조미료,종합조미료,기타조미료
조미료,드레싱/소스,케첩
조미료,드레싱/소스,마요네즈
조미료,드레싱/소스,드레싱
조미료,드레싱/소스,소스
조미료,장류,간장
조미료,장류,된장
조미료,장류,고추장
조미료,장류,초고추장
조미료,장류,춘장(짜장)
조미료,장류,청국장
조미료,장류,쌈장
조미료,장류,메주
조미료,장류,양념장
조미료,장류,낫토
조미료,장류,기타장류
조미료,향신료,고추가루
조미료,향신료,후추
조미료,향신료,겨자
조미료,향신료,계피
조미료,향신료,와사비
조미료,향신료,마늘분말
조미료,향신료,생강분말
조미료,향신료,허브가루
조미료,향신료,녹차가루
조미료,향신료,깨
조미료,향신료,기타향신료
조미료,유지류,참기름
조미료,유지류,콩기름(대두유)
조미료,유지류,옥수수기름(옥배유)
조미료,유지류,유채씨유(카놀라유)
조미료,유지류,현미유
조미료,유지류,고추씨기름
조미료,유지류,혼합식용유
조미료,유지류,마가린
조미료,유지류,들기름
조미료,유지류,해바라기유
조미료,유지류,포도씨유
조미료,유지류,올리브유
조미료,유지류,코코넛오일
조미료,유지류,기타식용유지
축산가공식품,햄/소시지(통조림/병제외),소시지
축산가공식품,햄/소시지(통조림/병제외),햄
축산가공식품,조미육가공,베이컨
축산가공식품,조미육가공,육포
축산가공식품,조미육가공,바비큐
축산가공식품,조미육가공,갈비찜
축산가공식품,조미육가공,족발
축산가공식품,조미육가공,훈제오리
축산가공식품,조미육가공,돈가스
축산가공식품,조미육가공,돈육훈제
축산가공식품,조미육가공,돼지양념육
축산가공식품,조미육가공,쇠고기양념육
축산가공식품,조미육가공,닭양념육
축산가공식품,조미육가공,오리양념육
축산가공식품,조미육가공,떡갈비
축산가공식품,조미육가공,편육
축산가공식품,조미육가공,폭립
축산가공식품,조미육가공,순대
축산가공식품,조미육가공,삼계탕
축산가공식품,조미육가공,닭가공품
축산가공식품,조미육가공,오리가공품
축산가공식품,기타축산가공식품,기타육가공
수산가공식품,건포류,오징어
수산가공식품,건포류,쥐포
수산가공식품,건포류,멸치
수산가공식품,건포류,건새우
수산가공식품,건포류,한치
수산가공식품,건포류,문어
수산가공식품,건포류,과메기
수산가공식품,건포류,노가리
수산가공식품,건포류,진미채
수산가공식품,건포류,황태
수산가공식품,건포류,기타건포류
수산가공식품,해조류,김
수산가공식품,해조류,미역
수산가공식품,해조류,한천
수산가공식품,해조류,다시마
수산가공식품,해조류,매생이
수산가공식품,해조류,해초샐러드
수산가공식품,해조류,기타해조류
대용식재료,면류,중면/소면/세면
대용식재료,면류,당면
대용식재료,면류,냉면
대용식재료,면류,칼국수면
대용식재료,면류,쫄면
대용식재료,면류,짜장면/짬뽕면
대용식재료,면류,메밀면
대용식재료,면류,우동면/숙면
대용식재료,면류,콩국수면
대용식재료,면류,쌀국수
대용식재료,면류,파스타면
대용식재료,면류,기타면류
대용식재료,기타대용식재료,수제비
대용식재료,기타대용식재료,떡국떡/떡볶이떡
대용식재료,기타대용식재료,라이스페이퍼/또띠아피/춘권피
대용식재료,기타대용식재료,만두피
대용식재료,기타대용식재료,기타대용식
통조림/병,농산물통조림/병,과일류
통조림/병,농산물통조림/병,잼류/스프레드류
통조림/병,농산물통조림/병,야채류(옥수수/콩 등)
통조림/병,농산물통조림/병,농산물반찬통조림
통조림/병,농산물통조림/병,기타농산물통조림/병
통조림/병,수산물통조림/병,참치
통조림/병,수산물통조림/병,골뱅이
통조림/병,수산물통조림/병,꽁치/고등어
통조림/병,수산물통조림/병,연어
통조림/병,수산물통조림/병,장조림
통조림/병,수산물통조림/병,기타수산물통조림
통조림/병,축산물통조림/병,축산물통조림
통조림/병,축산물통조림/병,햄통조림
통조림/병,축산물통조림/병,축산물반찬통조림
농산가공식품,건식품,건과일/야채
농산가공식품,건식품,땅콩/견과류가공품
농산가공식품,건식품,한약재류
냉동식품,냉동가공식품,냉동과일류
냉동식품,냉동가공식품,냉동돈까스
냉동식품,냉동가공식품,생선까스
냉동식품,냉동가공식품,냉동스테이크/떡갈비/섭산적
냉동식품,냉동가공식품,냉동치킨
냉동식품,냉동가공식품,탕수육
냉동식품,냉동가공식품,냉동해물/감자/야채튀김류
냉동식품,냉동가공식품,해물완자/육류완자
냉동식품,냉동가공식품,냉동동태포/대구포
냉동식품,냉동가공식품,냉동새우/문어/게
냉동식품,냉동가공식품,냉동포장생선류
냉동식품,냉동가공식품,냉동포장해물모듬류
냉동식품,냉동가공식품,냉동포장육/사골
냉동식품,아이스크림,튜브아이스크림
냉동식품,아이스크림,바아이스크림
냉동식품,아이스크림,모나카
냉동식품,아이스크림,콘/컵아이스크림
절임/발효식품,김치류,포기김치
절임/발효식품,김치류,갓김치
절임/발효식품,김치류,총각김치
절임/발효식품,김치류,겉절이
절임/발효식품,김치류,깍두기
절임/발효식품,김치류,나박김치
절임/발효식품,김치류,동치미
절임/발효식품,김치류,묵은지
절임/발효식품,김치류,백김치
절임/발효식품,김치류,열무김치
절임/발효식품,김치류,파김치
절임/발효식품,김치류,별미김치
절임/발효식품,김치류,절임배추
절임/발효식품,절임식품,단무지/쌈무
절임/발효식품,절임식품,피클/할라피뇨
절임/발효식품,절임식품,올리브
절임/발효식품,절임식품,절임류
절임/발효식품,젓갈/액젓류,새우젓
절임/발효식품,젓갈/액젓류,멸치젓
절임/발효식품,젓갈/액젓류,명란젓
절임/발효식품,젓갈/액젓류,창난젓
절임/발효식품,젓갈/액젓류,조개젓
절임/발효식품,젓갈/액젓류,오징어젓
절임/발효식품,젓갈/액젓류,어리굴젓
절임/발효식품,젓갈/액젓류,갈치속젓
절임/발효식품,젓갈/액젓류,까나리액젓
절임/발효식품,젓갈/액젓류,멸치액젓
절임/발효식품,젓갈/액젓류,낙지젓
절임/발효식품,젓갈/액젓류,토하젓
절임/발효식품,젓갈/액젓류,기타젓갈/액젓류
분말류,밀가루분말류,밀가루
분말류,밀가루분말류,빵가루
분말류,밀가루분말류,부침가루
분말류,밀가루분말류,튀김가루
분말류,밀가루분말류,도넛가루
분말류,밀가루분말류,핫케익가루
분말류,밀가루분말류,홈메이드믹스
분말류,소스분말류,분말카레
분말류,소스분말류,분말스프
분말류,소스분말류,분말짜장
분말류,소스분말류,분말죽류
분말류,농산물분말류,전분
분말류,농산물분말류,미숫가루
분말류,농산물분말류,콩가루
분말류,농산물분말류,찹쌀가루
농산물,채소류,오이
농산물,채소류,애호박
농산물,채소류,단호박
농산물,채소류,가지
농산물,채소류,양파
농산물,채소류,대파
농산물,채소류,쪽파
농산물,채소류,마늘
농산물,채소류,고추
농산물,채소류,버섯
농산물,채소류,생강
농산물,채소류,배추
농산물,채소류,양배추
농산물,채소류,상추
농산물,채소류,쌈채소
농산물,채소류,시금치
농산물,채소류,고구마
농산물,채소류,감자
농산물,채소류,당근
농산물,채소류,더덕
농산물,채소류,도라지
농산물,채소류,야콘
농산물,채소류,연근
농산물,채소류,우엉
농산물,채소류,무
농산물,채소류,열무
농산물,채소류,마
농산물,채소류,토란
농산물,채소류,부추
농산물,채소류,피망/파프리카
농산물,채소류,새싹채소
농산물,채소류,아스파라거스
농산물,채소류,죽순
농산물,채소류,알로에
농산물,채소류,브로콜리
농산물,채소류,건나물
농산물,채소류,산나물
농산물,채소류,삶은나물
농산물,채소류,콩나물
농산물,과일류,사과
농산물,과일류,배
농산물,과일류,토마토
농산물,과일류,감귤
농산물,과일류,딸기
농산물,과일류,금귤
농산물,과일류,단감
농산물,과일류,홍시
농산물,과일류,대봉시
농산물,과일류,매실
농산물,과일류,메론
농산물,과일류,모과
농산물,과일류,복분자
농산물,과일류,블루베리
농산물,과일류,수박
농산물,과일류,키위/참다래
농산물,과일류,참외
농산물,과일류,천혜향
농산물,과일류,한라봉
농산물,과일류,포도
농산물,과일류,자두
농산물,과일류,복숭아
농산물,과일류,리치
농산물,과일류,체리
농산물,과일류,레몬
농산물,과일류,망고
농산물,과일류,바나나
농산물,과일류,석류
농산물,과일류,오렌지
농산물,과일류,자몽
농산물,과일류,파인애플
농산물,과일류,과일바구니
농산물,과일류,커피생두
농산물,과일류,기타과일
농산물,견과류,호두
농산물,견과류,땅콩
농산물,견과류,밤
농산물,견과류,대추
농산물,견과류,은행
농산물,견과류,아몬드
농산물,견과류,잣
농산물,견과류,캐슈너트
농산물,견과류,해바라기씨
농산물,견과류,마카다미아
농산물,견과류,피스타치오
농산물,견과류,피칸
농산물,견과류,호박씨
농산물,견과류,감말랭이
농산물,견과류,건망고
농산물,견과류,건바나나
농산물,견과류,건자두
농산물,견과류,건포도
농산물,견과류,곶감
축산물,조류,닭고기(부위별)
축산물,조류,닭고기(생닭)
축산물,조류,오리고기
축산물,알류,계란
축산물,알류,메추리알
축산물,알류,오리알
축산물,알류,기타새알
축산물,육류,쇠고기(한우)
축산물,육류,쇠고기(국내산육우)
축산물,육류,쇠고기(수입산쇠고기)
축산물,육류,돼지고기
축산물,육류,양고기
수산물,생선,갈치
수산물,생선,고등어
수산물,생선,굴비
수산물,생선,장어
수산물,생선,옥돔
수산물,생선,조기
수산물,생선,참치
수산물,생선,동태
수산물,생선,초밥재료
수산물,생선,홍어
수산물,생선,생선회
수산물,생선,연어/훈제연어
수산물,생선,기타생선
수산물,해산물/어패류,전복
수산물,해산물/어패류,새우
수산물,해산물/어패류,소라
수산물,해산물/어패류,낙지
수산물,해산물/어패류,문어
수산물,해산물/어패류,쭈꾸미
수산물,해산물/어패류,조개
수산물,해산물/어패류,오징어
수산물,해산물/어패류,게
수산물,해산물/어패류,킹크랩
수산물,해산물/어패류,바다가재
수산물,해산물/어패류,굴
수산물,해산물/어패류,꼬막
수산물,해산물/어패류,홍합
수산물,해산물/어패류,멍게
수산물,해산물/어패류,해삼
수산물,해산물/어패류,날치알
수산물,해산물/어패류,어란